Year,RoundNumber,Race,Team,Driver,ActualFinish,PredictedFinish,Error
2026,15,Azerbaijan_Grand_Prix,Mercedes,ANT,5.0,7.54,2.54
2026,15,Azerbaijan_Grand_Prix,Haas F1 Team,BEA,9.0,12.2,3.2
2026,15,Azerbaijan_Grand_Prix,Audi,BOR,15.0,13.88,-1.12
2026,15,Azerbaijan_Grand_Prix,Cadillac,BOT,16.0,16.34,0.34
2026,15,Azerbaijan_Grand_Prix,Audi,HUL,11.0,14.11,3.11
2026,15,Azerbaijan_Grand_Prix,Racing Bulls,LAW,12.0,11.28,-0.72
2026,15,Azerbaijan_Grand_Prix,Ferrari,LEC,4.0,3.44,-0.56
2026,15,Azerbaijan_Grand_Prix,Racing Bulls,LIN,7.0,12.45,5.45
2026,15,Azerbaijan_Grand_Prix,Haas F1 Team,OCO,8.0,13.18,5.18
2026,15,Azerbaijan_Grand_Prix,McLaren,PIA,13.0,4.77,-8.23
2026,15,Azerbaijan_Grand_Prix,Mercedes,RUS,1.0,2.33,1.33
2026,15,Azerbaijan_Grand_Prix,Red Bull Racing,VER,2.0,6.74,4.74
